GROUP,PACKAGE,CLASS,INSTRUCTION_MISSED,INSTRUCTION_COVERED,BRANCH_MISSED,BRANCH_COVERED,LINE_MISSED,LINE_COVERED,COMPLEXITY_MISSED,COMPLEXITY_COVERED,METHOD_MISSED,METHOD_COVERED
max-profit-calculator,com.maxprofit.calculator.controller,RateLimitFilter,0,63,1,7,0,18,1,8,0,5
max-profit-calculator,com.maxprofit.calculator.controller,CalculatorController,3,64,3,1,0,16,2,3,0,3
max-profit-calculator,com.maxprofit.calculator.controller,CalculationRequest,0,31,0,0,0,13,0,9,0,9
max-profit-calculator,com.maxprofit.calculator.controller,RateLimitProperties,0,15,0,0,0,2,0,1,0,1
max-profit-calculator,com.maxprofit.calculator.controller,RateLimitFilterConfig,0,8,0,0,0,2,0,2,0,2
max-profit-calculator,com.maxprofit.calculator.controller,RateLimiterService,0,62,0,2,0,18,0,6,0,5
max-profit-calculator,com.maxprofit.calculator.controller,GlobalExceptionHandler,1,45,1,1,0,10,1,6,0,6
max-profit-calculator,com.maxprofit.calculator.controller,CorsProperties,0,6,0,0,0,1,0,1,0,1
max-profit-calculator,com.maxprofit.calculator,CalculationResult,0,59,0,0,0,21,0,8,0,8
max-profit-calculator,com.maxprofit.calculator,MaxProfitCalculatorApplication,5,3,0,0,2,1,1,1,1,1
max-profit-calculator,com.maxprofit.calculator,OpenApiConfig,0,33,0,0,0,12,0,2,0,2
max-profit-calculator,com.maxprofit.calculator,WebConfig,0,43,0,0,0,9,0,2,0,2
max-profit-calculator,com.maxprofit.calculator,CompanyNameGenerator,0,25,0,2,0,5,0,3,0,2
max-profit-calculator,com.maxprofit.calculator,Stock,0,343,3,49,0,54,3,28,0,5
